Country Name,Country Code,"Electricity Production From Oil, Gas and Coal"
Aruba,ABW,
Africa Eastern and Southern,AFE,65.92812675
Afghanistan,AFG,
Africa Western and Central,AFW,60.80822437
Angola,AGO,46.82507169
Albania,ALB,0
Andorra,AND,
Arab World,ARB,85.79925786
United Arab Emirates,ARE,99.76759889
Argentina,ARG,66.93502211
Armenia,ARM,35.91486088
American Samoa,ASM,
Antigua and Barbuda,ATG,
Australia,AUS,86.36215891
Austria,AUT,22.22204232
Azerbaijan,AZE,92.59154245
Burundi,BDI,
Belgium,BEL,39.21464312
Benin,BEN,94.44444444
Burkina Faso,BFA,
Bangladesh,BGD,98.7731101
Bulgaria,BGR,50.40416889
Bahrain,BHR,100
"Bahamas, The",BHS,
Bosnia and Herzegovina,BIH,64.48269243
Belarus,BLR,98.92905346
Belize,BLZ,
Bermuda,BMU,
Bolivia,BOL,68.59756098
Brazil,BRA,23.43291178
Barbados,BRB,
Brunei Darussalam,BRN,99.95238095
Bhutan,BTN,
Botswana,BWA,99.96629592
Central African Republic,CAF,
Canada,CAN,21.06717953
Central Europe and the Baltics,CEB,58.30016908
Switzerland,CHE,1.069640074
Channel Islands,CHI,
Chile,CHL,56.39566504
China,CHN,72.96207597
Cote d'Ivoire,CIV,83.27402135
Cameroon,CMR,23.88280556
"Congo, Dem. Rep.",COD,0.178930888
"Congo, Rep.",COG,46.65513264
Colombia,COL,31.76318878
Comoros,COM,
Cabo Verde,CPV,
Costa Rica,CRI,0.998890122
Caribbean small states,CSS,
Cuba,CUB,60.50867508
Curacao,CUW,
Cayman Islands,CYM,
Cyprus,CYP,91.21994264
Czechia,CZE,55.91531907
Germany,DEU,55.06305317
Djibouti,DJI,
Dominica,DMA,
Denmark,DNK,31.89967872
Dominican Republic,DOM,88.36755702
Algeria,DZA,99.6773162
East Asia & Pacific (excluding high income),EAP,73.77420184
Early-demographic dividend,EAR,78.0014498
East Asia & Pacific,EAS,74.56624231
Europe & Central Asia (excluding high income),ECA,65.38535963
Europe & Central Asia,ECS,48.97388388
Ecuador,ECU,47.19705768
"Egypt, Arab Rep.",EGY,91.74071449
Euro area,EMU,40.67540116
Eritrea,ERI,99.50738916
Spain,ESP,44.06714376
Estonia,EST,7.151771143
Ethiopia,ETH,0.038325189
European Union,EUU,41.5289177
Fragile and conflict affected situations,FCS,51.38433681
Finland,FIN,16.18583903
Fiji,FJI,
France,FRA,6.055787639
Faroe Islands,FRO,
"Micronesia, Fed. Sts.",FSM,
Gabon,GAB,56.25587959
United Kingdom,GBR,53.180856
Georgia,GEO,21.96067571
Ghana,GHA,38.84779393
Gibraltar,GIB,100
Guinea,GIN,
"Gambia, The",GMB,
Guinea-Bissau,GNB,
Equatorial Guinea,GNQ,
Greece,GRC,71.12809232
Grenada,GRD,
Greenland,GRL,
Guatemala,GTM,39.60933261
Guam,GUM,
Guyana,GUY,
High income,HIC,59.25086087
"Hong Kong SAR, China",HKG,99.72127268
Honduras,HND,57.7244841
Heavily indebted poor countries (HIPC),HPC,25.75723913
Croatia,HRV,33.17316248
Haiti,HTI,92.00385356
Hungary,HUN,36.55988399
IBRD only,IBD,71.34837046
IDA & IBRD total,IBT,70.33914854
IDA total,IDA,52.18011039
IDA blend,IDB,63.3394275
Indonesia,IDN,89.34457057
IDA only,IDX,42.59130817
Isle of Man,IMN,
India,IND,81.89209865
Not classified,INX,
Ireland,IRL,62.80650557
"Iran, Islamic Rep.",IRN,93.85674529
Iraq,IRQ,50.1494443
Iceland,ISL,0.021277728
Israel,ISR,97.66916825
Italy,ITA,60.24676625
Jamaica,JAM,89.73799127
Jordan,JOR,99.032292
Japan,JPN,80.25937295
Kazakhstan,KAZ,91.12597212
Kenya,KEN,12.48575277
Kyrgyz Republic,KGZ,14.81197237
Cambodia,KHM,53.58198772
Kiribati,KIR,
St. Kitts and Nevis,KNA,
"Korea, Rep.",KOR,67.72439761
Kuwait,KWT,100
Latin America & Caribbean (excluding high income),LAC,44.66270308
Lao PDR,LAO,
Lebanon,LBN,97.39617308
Liberia,LBR,
Libya,LBY,100
St. Lucia,LCA,
Latin America & Caribbean,LCN,43.81112991
Least developed countries: UN classification,LDC,42.9943992
Low income,LIC,
Liechtenstein,LIE,
Sri Lanka,LKA,51.52480655
Lower middle income,LMC,77.88678785
Low & middle income,LMY,70.67390815
Lesotho,LSO,
Late-demographic dividend,LTE,68.87661401
Lithuania,LTU,52.93565054
Luxembourg,LUX,62.6596544
Latvia,LVA,49.82830291
"Macao SAR, China",MAC,
St. Martin (French part),MAF,
Morocco,MAR,81.46658014
Monaco,MCO,
Moldova,MDA,94.63142341
Madagascar,MDG,
Maldives,MDV,
Middle East & North Africa,MEA,88.71404941
Mexico,MEX,80.87601
Marshall Islands,MHL,
Middle income,MIC,71.36460555
North Macedonia,MKD,64.06305349
Mali,MLI,
Malta,MLT,92.32540292
Myanmar,MMR,41.14589856
Middle East & North Africa (excluding high income),MNA,88.94310832
Montenegro,MNE,50.34965035
Mongolia,MNG,96.91637947
Northern Mariana Islands,MNP,
Mozambique,MOZ,13.58911264
Mauritania,MRT,
Mauritius,MUS,77.27727728
Malawi,MWI,
Malaysia,MYS,90.04283154
North America,NAC,60.84615498
Namibia,NAM,2.213541667
New Caledonia,NCL,
Niger,NER,99.24670433
Nigeria,NGA,81.80487494
Nicaragua,NIC,49.94540293
Netherlands,NLD,82.23312438
Norway,NOR,1.930212198
Nepal,NPL,0
Nauru,NRU,
New Zealand,NZL,19.78961656
OECD members,OED,57.76915022
Oman,OMN,100
Other small states,OSS,65.67928769
Pakistan,PAK,63.08710908
Panama,PAN,34.67365967
Peru,PER,47.26948664
Philippines,PHL,74.56347906
Palau,PLW,
Papua New Guinea,PNG,
Poland,POL,86.08137957
Pre-demographic dividend,PRE,39.51151743
Puerto Rico,PRI,
"Korea, Dem. People's Rep.",PRK,27.20390187
Portugal,PRT,51.8730134
Paraguay,PRY,0.001793915
West Bank and Gaza,PSE,
Pacific island small states,PSS,
Post-demographic dividend,PST,56.73008768
French Polynesia,PYF,
Qatar,QAT,100
Romania,ROU,42.59579503
Russian Federation,RUS,65.48122554
Rwanda,RWA,
South Asia,SAS,79.97718413
Saudi Arabia,SAU,76.21003972
Sudan,SDN,22.61822641
Senegal,SEN,87.78761062
Singapore,SGP,96.92353466
Solomon Islands,SLB,
Sierra Leone,SLE,
El Salvador,SLV,42.1773251
San Marino,SMR,
Somalia,SOM,
Serbia,SRB,73.08418673
Sub-Saharan Africa (excluding high income),SSA,64.74009734
South Sudan,SSD,99.39393939
Sub-Saharan Africa,SSF,64.69052713
Small states,SST,63.21609334
Sao Tome and Principe,STP,
Suriname,SUR,39.94685562
Slovak Republic,SVK,19.97596876
Slovenia,SVN,32.43571573
Sweden,SWE,1.085030044
Eswatini,SWZ,
Sint Maarten (Dutch part),SXM,
Seychelles,SYC,
Syrian Arab Republic,SYR,97.69028578
Turks and Caicos Islands,TCA,
Chad,TCD,
East Asia & Pacific (IDA & IBRD countries),TEA,73.87038287
Europe & Central Asia (IDA & IBRD countries),TEC,66.09898445
Togo,TGO,24.69135802
Thailand,THA,91.46152115
Tajikistan,TJK,1.526628598
Turkmenistan,TKM,100
Latin America & the Caribbean (IDA & IBRD countries),TLA,44.37835298
Timor-Leste,TLS,
Middle East & North Africa (IDA & IBRD countries),TMN,89.9113083
Tonga,TON,
South Asia (IDA & IBRD),TSA,79.97718413
Sub-Saharan Africa (IDA & IBRD countries),TSS,64.69052713
Trinidad and Tobago,TTO,100
Tunisia,TUN,96.0764383
Turkiye,TUR,67.84588762
Tuvalu,TUV,
Tanzania,TZA,65.84590945
Uganda,UGA,
Ukraine,UKR,41.27001752
Upper middle income,UMC,69.25770102
Uruguay,URY,11.44104803
United States,USA,67.07870147
Uzbekistan,UZB,79.34706704
St. Vincent and the Grenadines,VCT,
"Venezuela, RB",VEN,36.3049579
British Virgin Islands,VGB,
Virgin Islands (U.S.),VIR,
Viet Nam,VNM,63.2679423
Vanuatu,VUT,
World,WLD,65.19955769
Samoa,WSM,
Kosovo,XKX,97.71204445
"Yemen, Rep.",YEM,100
South Africa,ZAF,92.78540626
Zambia,ZMB,3.006176055
Zimbabwe,ZWE,47.27572356
